STATION,STATION_NAME,DATE,MTD-PRCP-NORMAL,MTD-SNOW-NORMAL,YTD-PRCP-NORMAL,YTD-SNOW-NORMAL,DLY-TAVG-NORMAL,DLY-TMAX-NORMAL,DLY-TMIN-NORMAL
GHCND:USW00014742,BURLINGTON WEATHER SERVICE OFFICE AIRPORT VT US,20100101,0.07,0.7,0.07,0.7,20.3,28.4,12.2
GHCND:USW00014742,BURLINGTON WEATHER SERVICE OFFICE AIRPORT VT US,20100102,0.13,1.4,0.13,1.4,20.1,28.2,11.9
GHCND:USW00014742,BURLINGTON WEATHER SERVICE OFFICE AIRPORT VT US,20100103,0.20,2.1,0.20,2.1,19.8,28.0,11.6
GHCND:USW00014742,BURLINGTON WEATHER SERVICE OFFICE AIRPORT VT US,20100104,0.27,2.7,0.27,2.7,19.6,27.9,11.4
GHCND:USW00014742,BURLINGTON WEATHER SERVICE OFFICE AIRPORT VT US,20100105,0.33,3.4,0.33,3.4,19.4,27.7,11.2
GHCND:USW00014742,BURLINGTON WEATHER SERVICE OFFICE AIRPORT VT US,20100106,0.40,4.1,0.40,4.1,19.3,27.6,11.0
GHCND:USW00014742,BURLINGTON WEATHER SERVICE OFFICE AIRPORT VT US,20100107,0.47,4.7,0.47,4.7,19.1,27.4,10.8
GHCND:USW00014742,BURLINGTON WEATHER SERVICE OFFICE AIRPORT VT US,20100108,0.53,5.4,0.53,5.4,19.0,27.3,10.6
GHCND:USW00014742,BURLINGTON WEATHER SERVICE OFFICE AIRPORT VT US,20100109,0.59,6.1,0.59,6.1,18.8,27.2,10.4
GHCND:USW00014742,BURLINGTON WEATHER SERVICE OFFICE AIRPORT VT US,20100110,0.66,6.7,0.66,6.7,18.7,27.1,10.3
GHCND:USW00014742,BURLINGTON WEATHER SERVICE OFFICE AIRPORT VT US,20100111,0.73,7.4,0.73,7.4,18.6,27.0,10.2
GHCND:USW00014742,BURLINGTON WEATHER SERVICE OFFICE AIRPORT VT US,20100112,0.79,8.1,0.79,8.1,18.5,26.9,10.0
GHCND:USW00014742,BURLINGTON WEATHER SERVICE OFFICE AIRPORT VT US,20100113,0.86,8.8,0.86,8.8,18.4,26.9,9.9
GHCND:USW00014742,BURLINGTON WEATHER SERVICE OFFICE AIRPORT VT US,20100114,0.92,9.5,0.92,9.5,18.3,26.8,9.8
GHCND:USW00014742,BURLINGTON WEATHER SERVICE OFFICE AIRPORT VT US,20100115,0.99,10.2,0.99,10.2,18.3,26.8,9.8
GHCND:USW00014742,BURLINGTON WEATHER SERVICE OFFICE AIRPORT VT US,20100116,1.06,10.9,1.06,10.9,18.2,26.7,9.7
GHCND:USW00014742,BURLINGTON WEATHER SERVICE OFFICE AIRPORT VT US,20100117,1.12,11.6,1.12,11.6,18.2,26.7,9.6
GHCND:USW00014742,BURLINGTON WEATHER SERVICE OFFICE AIRPORT VT US,20100118,1.19,12.2,1.19,12.2,18.2,26.7,9.6
GHCND:USW00014742,BURLINGTON WEATHER SERVICE OFFICE AIRPORT VT US,20100119,1.26,12.9,1.26,12.9,18.2,26.7,9.6
GHCND:USW00014742,BURLINGTON WEATHER SERVICE OFFICE AIRPORT VT US,20100120,1.32,13.5,1.32,13.5,18.2,26.7,9.6
GHCND:USW00014742,BURLINGTON WEATHER SERVICE OFFICE AIRPORT VT US,20100121,1.39,14.2,1.39,14.2,18.2,26.8,9.5
GHCND:USW00014742,BURLINGTON WEATHER SERVICE OFFICE AIRPORT VT US,20100122,1.46,14.9,1.46,14.9,18.2,26.8,9.6
GHCND:USW00014742,BURLINGTON WEATHER SERVICE OFFICE AIRPORT VT US,20100123,1.53,15.6,1.53,15.6,18.2,26.9,9.6
GHCND:USW00014742,BURLINGTON WEATHER SERVICE OFFICE AIRPORT VT US,20100124,1.60,16.3,1.60,16.3,18.3,26.9,9.6
GHCND:USW00014742,BURLINGTON WEATHER SERVICE OFFICE AIRPORT VT US,20100125,1.67,17.0,1.67,17.0,18.3,27.0,9.6
GHCND:USW00014742,BURLINGTON WEATHER SERVICE OFFICE AIRPORT VT US,20100126,1.73,17.7,1.73,17.7,18.4,27.1,9.7
GHCND:USW00014742,BURLINGTON WEATHER SERVICE OFFICE AIRPORT VT US,20100127,1.80,18.4,1.80,18.4,18.5,27.2,9.7
GHCND:USW00014742,BURLINGTON WEATHER SERVICE OFFICE AIRPORT VT US,20100128,1.86,19.1,1.86,19.1,18.5,27.3,9.8
GHCND:USW00014742,BURLINGTON WEATHER SERVICE OFFICE AIRPORT VT US,20100129,1.93,19.8,1.93,19.8,18.6,27.4,9.9
GHCND:USW00014742,BURLINGTON WEATHER SERVICE OFFICE AIRPORT VT US,20100130,1.99,20.4,1.99,20.4,18.7,27.5,9.9
GHCND:USW00014742,BURLINGTON WEATHER SERVICE OFFICE AIRPORT VT US,20100131,2.06,21.1,2.06,21.1,18.8,27.6,10.0
GHCND:USW00014742,BURLINGTON WEATHER SERVICE OFFICE AIRPORT VT US,20100201,0.07,0.6,2.13,21.7,19.0,27.8,10.1
GHCND:USW00014742,BURLINGTON WEATHER SERVICE OFFICE AIRPORT VT US,20100202,0.13,1.2,2.19,22.3,19.1,27.9,10.2
GHCND:USW00014742,BURLINGTON WEATHER SERVICE OFFICE AIRPORT VT US,20100203,0.20,1.8,2.26,22.9,19.2,28.1,10.4
GHCND:USW00014742,BURLINGTON WEATHER SERVICE OFFICE AIRPORT VT US,20100204,0.26,2.4,2.32,23.5,19.4,28.3,10.5
GHCND:USW00014742,BURLINGTON WEATHER SERVICE OFFICE AIRPORT VT US,20100205,0.32,3.0,2.38,24.1,19.5,28.4,10.6
GHCND:USW00014742,BURLINGTON WEATHER SERVICE OFFICE AIRPORT VT US,20100206,0.38,3.6,2.44,24.7,19.7,28.6,10.8
GHCND:USW00014742,BURLINGTON WEATHER SERVICE OFFICE AIRPORT VT US,20100207,0.45,4.2,2.51,25.3,19.8,28.8,10.9
GHCND:USW00014742,BURLINGTON WEATHER SERVICE OFFICE AIRPORT VT US,20100208,0.51,4.9,2.57,26.0,20.0,29.0,11.1
GHCND:USW00014742,BURLINGTON WEATHER SERVICE OFFICE AIRPORT VT US,20100209,0.57,5.5,2.63,26.6,20.2,29.2,11.2
GHCND:USW00014742,BURLINGTON WEATHER SERVICE OFFICE AIRPORT VT US,20100210,0.63,6.1,2.69,27.2,20.4,29.4,11.4
GHCND:USW00014742,BURLINGTON WEATHER SERVICE OFFICE AIRPORT VT US,20100211,0.69,6.7,2.75,27.8,20.6,29.6,11.6
GHCND:USW00014742,BURLINGTON WEATHER SERVICE OFFICE AIRPORT VT US,20100212,0.76,7.3,2.82,28.4,20.8,29.8,11.7
GHCND:USW00014742,BURLINGTON WEATHER SERVICE OFFICE AIRPORT VT US,20100213,0.82,7.9,2.88,29.0,21.0,30.1,11.9
GHCND:USW00014742,BURLINGTON WEATHER SERVICE OFFICE AIRPORT VT US,20100214,0.88,8.5,2.94,29.6,21.2,30.3,12.1
GHCND:USW00014742,BURLINGTON WEATHER SERVICE OFFICE AIRPORT VT US,20100215,0.94,9.0,3.00,30.1,21.4,30.5,12.3
GHCND:USW00014742,BURLINGTON WEATHER SERVICE OFFICE AIRPORT VT US,20100216,1.00,9.6,3.06,30.7,21.7,30.8,12.6
GHCND:USW00014742,BURLINGTON WEATHER SERVICE OFFICE AIRPORT VT US,20100217,1.06,10.2,3.12,31.3,21.9,31.0,12.8
GHCND:USW00014742,BURLINGTON WEATHER SERVICE OFFICE AIRPORT VT US,20100218,1.12,10.8,3.18,31.9,22.2,31.3,13.0
GHCND:USW00014742,BURLINGTON WEATHER SERVICE OFFICE AIRPORT VT US,20100219,1.18,11.3,3.24,32.4,22.4,31.5,13.3
GHCND:USW00014742,BURLINGTON WEATHER SERVICE OFFICE AIRPORT VT US,20100220,1.24,11.9,3.30,33.0,22.7,31.8,13.5
GHCND:USW00014742,BURLINGTON WEATHER SERVICE OFFICE AIRPORT VT US,20100221,1.30,12.5,3.36,33.6,22.9,32.1,13.8
GHCND:USW00014742,BURLINGTON WEATHER SERVICE OFFICE AIRPORT VT US,20100222,1.37,13.0,3.43,34.1,23.2,32.4,14.0
GHCND:USW00014742,BURLINGTON WEATHER SERVICE OFFICE AIRPORT VT US,20100223,1.43,13.6,3.49,34.7,23.5,32.6,14.3
GHCND:USW00014742,BURLINGTON WEATHER SERVICE OFFICE AIRPORT VT US,20100224,1.49,14.1,3.55,35.2,23.7,32.9,14.6
GHCND:USW00014742,BURLINGTON WEATHER SERVICE OFFICE AIRPORT VT US,20100225,1.56,14.7,3.62,35.8,24.0,33.2,14.9
GHCND:USW00014742,BURLINGTON WEATHER SERVICE OFFICE AIRPORT VT US,20100226,1.63,15.3,3.69,36.4,24.3,33.5,15.2
GHCND:USW00014742,BURLINGTON WEATHER SERVICE OFFICE AIRPORT VT US,20100227,1.69,15.8,3.75,36.9,24.6,33.8,15.5
GHCND:USW00014742,BURLINGTON WEATHER SERVICE OFFICE AIRPORT VT US,20100228,1.76,16.4,3.82,37.5,24.9,34.1,15.8
GHCND:USW00014742,BURLINGTON WEATHER SERVICE OFFICE AIRPORT VT US,20100301,0.06,0.6,3.88,38.1,25.3,34.4,16.1
GHCND:USW00014742,BURLINGTON WEATHER SERVICE OFFICE AIRPORT VT US,20100302,0.13,1.2,3.95,38.7,25.6,34.7,16.5
GHCND:USW00014742,BURLINGTON WEATHER SERVICE OFFICE AIRPORT VT US,20100303,0.19,1.9,4.01,39.4,25.9,35.0,16.8
GHCND:USW00014742,BURLINGTON WEATHER SERVICE OFFICE AIRPORT VT US,20100304,0.26,2.5,4.08,40.0,26.2,35.3,17.1
GHCND:USW00014742,BURLINGTON WEATHER SERVICE OFFICE AIRPORT VT US,20100305,0.32,3.1,4.14,40.6,26.6,35.7,17.5
GHCND:USW00014742,BURLINGTON WEATHER SERVICE OFFICE AIRPORT VT US,20100306,0.39,3.7,4.21,41.2,26.9,36.0,17.9
GHCND:USW00014742,BURLINGTON WEATHER SERVICE OFFICE AIRPORT VT US,20100307,0.46,4.4,4.28,41.9,27.3,36.3,18.2
GHCND:USW00014742,BURLINGTON WEATHER SERVICE OFFICE AIRPORT VT US,20100308,0.53,5.0,4.35,42.5,27.6,36.7,18.6
GHCND:USW00014742,BURLINGTON WEATHER SERVICE OFFICE AIRPORT VT US,20100309,0.61,5.7,4.43,43.2,28.0,37.0,19.0
GHCND:USW00014742,BURLINGTON WEATHER SERVICE OFFICE AIRPORT VT US,20100310,0.68,6.3,4.50,43.8,28.4,37.4,19.4
GHCND:USW00014742,BURLINGTON WEATHER SERVICE OFFICE AIRPORT VT US,20100311,0.74,6.9,4.56,44.4,28.8,37.8,19.8
GHCND:USW00014742,BURLINGTON WEATHER SERVICE OFFICE AIRPORT VT US,20100312,0.81,7.4,4.63,44.9,29.2,38.1,20.2
GHCND:USW00014742,BURLINGTON WEATHER SERVICE OFFICE AIRPORT VT US,20100313,0.88,8.0,4.70,45.5,29.6,38.5,20.6
GHCND:USW00014742,BURLINGTON WEATHER SERVICE OFFICE AIRPORT VT US,20100314,0.95,8.6,4.77,46.1,30.0,38.9,21.0
GHCND:USW00014742,BURLINGTON WEATHER SERVICE OFFICE AIRPORT VT US,20100315,1.02,9.1,4.84,46.6,30.4,39.3,21.4
GHCND:USW00014742,BURLINGTON WEATHER SERVICE OFFICE AIRPORT VT US,20100316,1.09,9.7,4.91,47.2,30.8,39.7,21.8
GHCND:USW00014742,BURLINGTON WEATHER SERVICE OFFICE AIRPORT VT US,20100317,1.16,10.2,4.98,47.7,31.2,40.1,22.3
GHCND:USW00014742,BURLINGTON WEATHER SERVICE OFFICE AIRPORT VT US,20100318,1.24,10.7,5.06,48.2,31.6,40.5,22.7
GHCND:USW00014742,BURLINGTON WEATHER SERVICE OFFICE AIRPORT VT US,20100319,1.31,11.2,5.13,48.7,32.0,41.0,23.1
GHCND:USW00014742,BURLINGTON WEATHER SERVICE OFFICE AIRPORT VT US,20100320,1.38,11.7,5.20,49.2,32.5,41.4,23.6
GHCND:USW00014742,BURLINGTON WEATHER SERVICE OFFICE AIRPORT VT US,20100321,1.46,12.2,5.28,49.7,32.9,41.8,24.0
GHCND:USW00014742,BURLINGTON WEATHER SERVICE OFFICE AIRPORT VT US,20100322,1.53,12.6,5.35,50.1,33.4,42.3,24.4
GHCND:USW00014742,BURLINGTON WEATHER SERVICE OFFICE AIRPORT VT US,20100323,1.61,13.0,5.43,50.5,33.8,42.7,24.9
GHCND:USW00014742,BURLINGTON WEATHER SERVICE OFFICE AIRPORT VT US,20100324,1.69,13.4,5.51,50.9,34.3,43.2,25.3
GHCND:USW00014742,BURLINGTON WEATHER SERVICE OFFICE AIRPORT VT US,20100325,1.76,13.8,5.58,51.3,34.7,43.7,25.8
GHCND:USW00014742,BURLINGTON WEATHER SERVICE OFFICE AIRPORT VT US,20100326,1.84,14.2,5.66,51.7,35.2,44.2,26.2
GHCND:USW00014742,BURLINGTON WEATHER SERVICE OFFICE AIRPORT VT US,20100327,1.91,14.5,5.73,52.0,35.7,44.6,26.7
GHCND:USW00014742,BURLINGTON WEATHER SERVICE OFFICE AIRPORT VT US,20100328,1.99,14.9,5.81,52.4,36.1,45.1,27.1
GHCND:USW00014742,BURLINGTON WEATHER SERVICE OFFICE AIRPORT VT US,20100329,2.07,15.2,5.89,52.7,36.6,45.6,27.6
GHCND:USW00014742,BURLINGTON WEATHER SERVICE OFFICE AIRPORT VT US,20100330,2.14,15.5,5.96,53.0,37.1,46.1,28.0
GHCND:USW00014742,BURLINGTON WEATHER SERVICE OFFICE AIRPORT VT US,20100331,2.22,15.8,6.04,53.3,37.6,46.6,28.5
GHCND:USW00014742,BURLINGTON WEATHER SERVICE OFFICE AIRPORT VT US,20100401,0.08,0.2,6.12,53.5,38.0,47.2,28.9
GHCND:USW00014742,BURLINGTON WEATHER SERVICE OFFICE AIRPORT VT US,20100402,0.17,0.5,6.21,53.8,38.5,47.7,29.3
GHCND:USW00014742,BURLINGTON WEATHER SERVICE OFFICE AIRPORT VT US,20100403,0.26,0.7,6.30,54.0,39.0,48.2,29.8
GHCND:USW00014742,BURLINGTON WEATHER SERVICE OFFICE AIRPORT VT US,20100404,0.35,1.0,6.39,54.3,39.5,48.7,30.2
GHCND:USW00014742,BURLINGTON WEATHER SERVICE OFFICE AIRPORT VT US,20100405,0.44,1.2,6.48,54.5,40.0,49.3,30.6
GHCND:USW00014742,BURLINGTON WEATHER SERVICE OFFICE AIRPORT VT US,20100406,0.52,1.4,6.56,54.7,40.4,49.8,31.1
GHCND:USW00014742,BURLINGTON WEATHER SERVICE OFFICE AIRPORT VT US,20100407,0.61,1.6,6.65,54.9,40.9,50.3,31.5
GHCND:USW00014742,BURLINGTON WEATHER SERVICE OFFICE AIRPORT VT US,20100408,0.70,1.8,6.74,55.1,41.4,50.9,31.9
GHCND:USW00014742,BURLINGTON WEATHER SERVICE OFFICE AIRPORT VT US,20100409,0.79,2.0,6.83,55.3,41.9,51.4,32.3
GHCND:USW00014742,BURLINGTON WEATHER SERVICE OFFICE AIRPORT VT US,20100410,0.89,2.2,6.93,55.5,42.3,51.9,32.8
GHCND:USW00014742,BURLINGTON WEATHER SERVICE OFFICE AIRPORT VT US,20100411,0.98,2.4,7.02,55.7,42.8,52.5,33.2
GHCND:USW00014742,BURLINGTON WEATHER SERVICE OFFICE AIRPORT VT US,20100412,1.08,2.6,7.12,55.9,43.3,53.0,33.6
GHCND:USW00014742,BURLINGTON WEATHER SERVICE OFFICE AIRPORT VT US,20100413,1.18,2.8,7.22,56.1,43.8,53.5,34.0
GHCND:USW00014742,BURLINGTON WEATHER SERVICE OFFICE AIRPORT VT US,20100414,1.27,2.9,7.31,56.2,44.2,54.1,34.4
GHCND:USW00014742,BURLINGTON WEATHER SERVICE OFFICE AIRPORT VT US,20100415,1.37,3.1,7.41,56.4,44.7,54.6,34.8
GHCND:USW00014742,BURLINGTON WEATHER SERVICE OFFICE AIRPORT VT US,20100416,1.46,3.2,7.50,56.5,45.1,55.1,35.2
GHCND:USW00014742,BURLINGTON WEATHER SERVICE OFFICE AIRPORT VT US,20100417,1.56,3.4,7.60,56.7,45.6,55.6,35.5
GHCND:USW00014742,BURLINGTON WEATHER SERVICE OFFICE AIRPORT VT US,20100418,1.66,3.5,7.70,56.8,46.0,56.1,35.9
GHCND:USW00014742,BURLINGTON WEATHER SERVICE OFFICE AIRPORT VT US,20100419,1.75,3.6,7.79,56.9,46.5,56.6,36.3
GHCND:USW00014742,BURLINGTON WEATHER SERVICE OFFICE AIRPORT VT US,20100420,1.84,3.7,7.88,57.0,46.9,57.1,36.7
GHCND:USW00014742,BURLINGTON WEATHER SERVICE OFFICE AIRPORT VT US,20100421,1.94,3.9,7.98,57.2,47.3,57.6,37.0
GHCND:USW00014742,BURLINGTON WEATHER SERVICE OFFICE AIRPORT VT US,20100422,2.03,4.0,8.07,57.3,47.8,58.1,37.4
GHCND:USW00014742,BURLINGTON WEATHER SERVICE OFFICE AIRPORT VT US,20100423,2.12,4.1,8.16,57.4,48.2,58.6,37.7
GHCND:USW00014742,BURLINGTON WEATHER SERVICE OFFICE AIRPORT VT US,20100424,2.22,4.2,8.26,57.5,48.6,59.1,38.1
GHCND:USW00014742,BURLINGTON WEATHER SERVICE OFFICE AIRPORT VT US,20100425,2.31,4.3,8.35,57.6,49.0,59.5,38.4
GHCND:USW00014742,BURLINGTON WEATHER SERVICE OFFICE AIRPORT VT US,20100426,2.41,4.3,8.45,57.6,49.4,60.0,38.8
GHCND:USW00014742,BURLINGTON WEATHER SERVICE OFFICE AIRPORT VT US,20100427,2.51,4.4,8.55,57.7,49.8,60.4,39.1
GHCND:USW00014742,BURLINGTON WEATHER SERVICE OFFICE AIRPORT VT US,20100428,2.61,4.5,8.65,57.8,50.2,60.9,39.5
GHCND:USW00014742,BURLINGTON WEATHER SERVICE OFFICE AIRPORT VT US,20100429,2.72,4.5,8.76,57.8,50.6,61.3,39.8
GHCND:USW00014742,BURLINGTON WEATHER SERVICE OFFICE AIRPORT VT US,20100430,2.82,4.6,8.86,57.9,50.9,61.7,40.2
GHCND:USW00014742,BURLINGTON WEATHER SERVICE OFFICE AIRPORT VT US,20100501,0.10,0.0,8.96,57.9,51.3,62.1,40.5
GHCND:USW00014742,BURLINGTON WEATHER SERVICE OFFICE AIRPORT VT US,20100502,0.19,0.0,9.05,57.9,51.7,62.5,40.8
GHCND:USW00014742,BURLINGTON WEATHER SERVICE OFFICE AIRPORT VT US,20100503,0.29,0.0,9.15,57.9,52.0,62.9,41.1
GHCND:USW00014742,BURLINGTON WEATHER SERVICE OFFICE AIRPORT VT US,20100504,0.39,0.0,9.25,57.9,52.4,63.3,41.5
GHCND:USW00014742,BURLINGTON WEATHER SERVICE OFFICE AIRPORT VT US,20100505,0.50,0.0,9.36,57.9,52.7,63.7,41.8
GHCND:USW00014742,BURLINGTON WEATHER SERVICE OFFICE AIRPORT VT US,20100506,0.61,0.0,9.47,57.9,53.1,64.0,42.1
GHCND:USW00014742,BURLINGTON WEATHER SERVICE OFFICE AIRPORT VT US,20100507,0.71,0.0,9.57,57.9,53.4,64.4,42.4
GHCND:USW00014742,BURLINGTON WEATHER SERVICE OFFICE AIRPORT VT US,20100508,0.81,0.0,9.67,57.9,53.8,64.7,42.8
GHCND:USW00014742,BURLINGTON WEATHER SERVICE OFFICE AIRPORT VT US,20100509,0.91,0.0,9.77,57.9,54.1,65.1,43.1
GHCND:USW00014742,BURLINGTON WEATHER SERVICE OFFICE AIRPORT VT US,20100510,1.02,0.0,9.88,57.9,54.4,65.4,43.4
GHCND:USW00014742,BURLINGTON WEATHER SERVICE OFFICE AIRPORT VT US,20100511,1.12,0.0,9.98,57.9,54.7,65.8,43.7
GHCND:USW00014742,BURLINGTON WEATHER SERVICE OFFICE AIRPORT VT US,20100512,1.23,0.0,10.09,57.9,55.1,66.1,44.1
GHCND:USW00014742,BURLINGTON WEATHER SERVICE OFFICE AIRPORT VT US,20100513,1.33,0.0,10.19,57.9,55.4,66.4,44.4
GHCND:USW00014742,BURLINGTON WEATHER SERVICE OFFICE AIRPORT VT US,20100514,1.44,0.0,10.30,57.9,55.7,66.7,44.7
GHCND:USW00014742,BURLINGTON WEATHER SERVICE OFFICE AIRPORT VT US,20100515,1.55,0.0,10.41,57.9,56.0,67.0,45.0
GHCND:USW00014742,BURLINGTON WEATHER SERVICE OFFICE AIRPORT VT US,20100516,1.65,0.0,10.51,57.9,56.3,67.3,45.4
GHCND:USW00014742,BURLINGTON WEATHER SERVICE OFFICE AIRPORT VT US,20100517,1.76,0.0,10.62,57.9,56.7,67.6,45.7
GHCND:USW00014742,BURLINGTON WEATHER SERVICE OFFICE AIRPORT VT US,20100518,1.88,0.0,10.74,57.9,57.0,67.9,46.0
GHCND:USW00014742,BURLINGTON WEATHER SERVICE OFFICE AIRPORT VT US,20100519,2.00,0.0,10.86,57.9,57.3,68.2,46.4
GHCND:USW00014742,BURLINGTON WEATHER SERVICE OFFICE AIRPORT VT US,20100520,2.11,0.0,10.97,57.9,57.6,68.5,46.7
GHCND:USW00014742,BURLINGTON WEATHER SERVICE OFFICE AIRPORT VT US,20100521,2.23,0.0,11.09,57.9,57.9,68.8,47.0
GHCND:USW00014742,BURLINGTON WEATHER SERVICE OFFICE AIRPORT VT US,20100522,2.35,0.0,11.21,57.9,58.2,69.1,47.4
GHCND:USW00014742,BURLINGTON WEATHER SERVICE OFFICE AIRPORT VT US,20100523,2.48,0.0,11.34,57.9,58.6,69.4,47.7
GHCND:USW00014742,BURLINGTON WEATHER SERVICE OFFICE AIRPORT VT US,20100524,2.60,0.0,11.46,57.9,58.9,69.7,48.0
GHCND:USW00014742,BURLINGTON WEATHER SERVICE OFFICE AIRPORT VT US,20100525,2.72,0.0,11.58,57.9,59.2,70.0,48.4
GHCND:USW00014742,BURLINGTON WEATHER SERVICE OFFICE AIRPORT VT US,20100526,2.84,0.0,11.70,57.9,59.5,70.3,48.7
GHCND:USW00014742,BURLINGTON WEATHER SERVICE OFFICE AIRPORT VT US,20100527,2.96,0.0,11.82,57.9,59.8,70.6,49.0
GHCND:USW00014742,BURLINGTON WEATHER SERVICE OFFICE AIRPORT VT US,20100528,3.08,0.0,11.94,57.9,60.1,70.9,49.4
GHCND:USW00014742,BURLINGTON WEATHER SERVICE OFFICE AIRPORT VT US,20100529,3.20,0.0,12.06,57.9,60.5,71.2,49.7
GHCND:USW00014742,BURLINGTON WEATHER SERVICE OFFICE AIRPORT VT US,20100530,3.33,0.0,12.19,57.9,60.8,71.5,50.1
GHCND:USW00014742,BURLINGTON WEATHER SERVICE OFFICE AIRPORT VT US,20100531,3.45,0.0,12.31,57.9,61.1,71.8,50.4
GHCND:USW00014742,BURLINGTON WEATHER SERVICE OFFICE AIRPORT VT US,20100601,0.12,0.0,12.43,57.9,61.4,72.1,50.8
GHCND:USW00014742,BURLINGTON WEATHER SERVICE OFFICE AIRPORT VT US,20100602,0.25,0.0,12.56,57.9,61.7,72.4,51.1
GHCND:USW00014742,BURLINGTON WEATHER SERVICE OFFICE AIRPORT VT US,20100603,0.37,0.0,12.68,57.9,62.1,72.7,51.4
GHCND:USW00014742,BURLINGTON WEATHER SERVICE OFFICE AIRPORT VT US,20100604,0.49,0.0,12.80,57.9,62.4,73.0,51.8
GHCND:USW00014742,BURLINGTON WEATHER SERVICE OFFICE AIRPORT VT US,20100605,0.61,0.0,12.92,57.9,62.7,73.3,52.1
GHCND:USW00014742,BURLINGTON WEATHER SERVICE OFFICE AIRPORT VT US,20100606,0.73,0.0,13.04,57.9,63.0,73.6,52.5
GHCND:USW00014742,BURLINGTON WEATHER SERVICE OFFICE AIRPORT VT US,20100607,0.85,0.0,13.16,57.9,63.4,73.9,52.8
GHCND:USW00014742,BURLINGTON WEATHER SERVICE OFFICE AIRPORT VT US,20100608,0.97,0.0,13.28,57.9,63.7,74.2,53.1
GHCND:USW00014742,BURLINGTON WEATHER SERVICE OFFICE AIRPORT VT US,20100609,1.10,0.0,13.41,57.9,64.0,74.5,53.5
GHCND:USW00014742,BURLINGTON WEATHER SERVICE OFFICE AIRPORT VT US,20100610,1.22,0.0,13.53,57.9,64.3,74.8,53.8
GHCND:USW00014742,BURLINGTON WEATHER SERVICE OFFICE AIRPORT VT US,20100611,1.34,0.0,13.65,57.9,64.6,75.1,54.1
GHCND:USW00014742,BURLINGTON WEATHER SERVICE OFFICE AIRPORT VT US,20100612,1.47,0.0,13.78,57.9,64.9,75.4,54.4
GHCND:USW00014742,BURLINGTON WEATHER SERVICE OFFICE AIRPORT VT US,20100613,1.60,0.0,13.91,57.9,65.2,75.7,54.7
GHCND:USW00014742,BURLINGTON WEATHER SERVICE OFFICE AIRPORT VT US,20100614,1.73,0.0,14.04,57.9,65.5,76.0,55.1
GHCND:USW00014742,BURLINGTON WEATHER SERVICE OFFICE AIRPORT VT US,20100615,1.85,0.0,14.16,57.9,65.8,76.3,55.4
GHCND:USW00014742,BURLINGTON WEATHER SERVICE OFFICE AIRPORT VT US,20100616,1.97,0.0,14.28,57.9,66.1,76.6,55.7
GHCND:USW00014742,BURLINGTON WEATHER SERVICE OFFICE AIRPORT VT US,20100617,2.09,0.0,14.40,57.9,66.4,76.9,56.0
GHCND:USW00014742,BURLINGTON WEATHER SERVICE OFFICE AIRPORT VT US,20100618,2.21,0.0,14.52,57.9,66.7,77.2,56.3
GHCND:USW00014742,BURLINGTON WEATHER SERVICE OFFICE AIRPORT VT US,20100619,2.33,0.0,14.64,57.9,67.0,77.4,56.5
GHCND:USW00014742,BURLINGTON WEATHER SERVICE OFFICE AIRPORT VT US,20100620,2.45,0.0,14.76,57.9,67.3,77.7,56.8
GHCND:USW00014742,BURLINGTON WEATHER SERVICE OFFICE AIRPORT VT US,20100621,2.57,0.0,14.88,57.9,67.5,78.0,57.1
GHCND:USW00014742,BURLINGTON WEATHER SERVICE OFFICE AIRPORT VT US,20100622,2.69,0.0,15.00,57.9,67.8,78.2,57.3
GHCND:USW00014742,BURLINGTON WEATHER SERVICE OFFICE AIRPORT VT US,20100623,2.81,0.0,15.12,57.9,68.0,78.5,57.6
GHCND:USW00014742,BURLINGTON WEATHER SERVICE OFFICE AIRPORT VT US,20100624,2.94,0.0,15.25,57.9,68.3,78.7,57.8
GHCND:USW00014742,BURLINGTON WEATHER SERVICE OFFICE AIRPORT VT US,20100625,3.06,0.0,15.37,57.9,68.5,78.9,58.1
GHCND:USW00014742,BURLINGTON WEATHER SERVICE OFFICE AIRPORT VT US,20100626,3.20,0.0,15.51,57.9,68.7,79.1,58.3
GHCND:USW00014742,BURLINGTON WEATHER SERVICE OFFICE AIRPORT VT US,20100627,3.32,0.0,15.63,57.9,68.9,79.3,58.5
GHCND:USW00014742,BURLINGTON WEATHER SERVICE OFFICE AIRPORT VT US,20100628,3.44,0.0,15.75,57.9,69.1,79.5,58.7
GHCND:USW00014742,BURLINGTON WEATHER SERVICE OFFICE AIRPORT VT US,20100629,3.57,0.0,15.88,57.9,69.3,79.7,58.9
GHCND:USW00014742,BURLINGTON WEATHER SERVICE OFFICE AIRPORT VT US,20100630,3.69,0.0,16.00,57.9,69.5,79.9,59.1
GHCND:USW00014742,BURLINGTON WEATHER SERVICE OFFICE AIRPORT VT US,20100701,0.13,0.0,16.13,57.9,69.6,80.0,59.2
GHCND:USW00014742,BURLINGTON WEATHER SERVICE OFFICE AIRPORT VT US,20100702,0.26,0.0,16.26,57.9,69.8,80.2,59.4
GHCND:USW00014742,BURLINGTON WEATHER SERVICE OFFICE AIRPORT VT US,20100703,0.39,0.0,16.39,57.9,69.9,80.3,59.6
GHCND:USW00014742,BURLINGTON WEATHER SERVICE OFFICE AIRPORT VT US,20100704,0.52,0.0,16.52,57.9,70.1,80.5,59.7
GHCND:USW00014742,BURLINGTON WEATHER SERVICE OFFICE AIRPORT VT US,20100705,0.65,0.0,16.65,57.9,70.2,80.6,59.8
GHCND:USW00014742,BURLINGTON WEATHER SERVICE OFFICE AIRPORT VT US,20100706,0.79,0.0,16.79,57.9,70.3,80.7,59.9
GHCND:USW00014742,BURLINGTON WEATHER SERVICE OFFICE AIRPORT VT US,20100707,0.93,0.0,16.93,57.9,70.4,80.8,60.1
GHCND:USW00014742,BURLINGTON WEATHER SERVICE OFFICE AIRPORT VT US,20100708,1.06,0.0,17.06,57.9,70.5,80.9,60.2
GHCND:USW00014742,BURLINGTON WEATHER SERVICE OFFICE AIRPORT VT US,20100709,1.20,0.0,17.20,57.9,70.6,80.9,60.2
GHCND:USW00014742,BURLINGTON WEATHER SERVICE OFFICE AIRPORT VT US,20100710,1.33,0.0,17.33,57.9,70.7,81.0,60.3
GHCND:USW00014742,BURLINGTON WEATHER SERVICE OFFICE AIRPORT VT US,20100711,1.46,0.0,17.46,57.9,70.7,81.1,60.4
GHCND:USW00014742,BURLINGTON WEATHER SERVICE OFFICE AIRPORT VT US,20100712,1.60,0.0,17.60,57.9,70.8,81.1,60.5
GHCND:USW00014742,BURLINGTON WEATHER SERVICE OFFICE AIRPORT VT US,20100713,1.73,0.0,17.73,57.9,70.8,81.1,60.5
GHCND:USW00014742,BURLINGTON WEATHER SERVICE OFFICE AIRPORT VT US,20100714,1.86,0.0,17.86,57.9,70.9,81.2,60.6
GHCND:USW00014742,BURLINGTON WEATHER SERVICE OFFICE AIRPORT VT US,20100715,1.99,0.0,17.99,57.9,70.9,81.2,60.6
GHCND:USW00014742,BURLINGTON WEATHER SERVICE OFFICE AIRPORT VT US,20100716,2.13,0.0,18.13,57.9,70.9,81.2,60.6
GHCND:USW00014742,BURLINGTON WEATHER SERVICE OFFICE AIRPORT VT US,20100717,2.26,0.0,18.26,57.9,70.9,81.2,60.6
GHCND:USW00014742,BURLINGTON WEATHER SERVICE OFFICE AIRPORT VT US,20100718,2.40,0.0,18.40,57.9,70.9,81.2,60.6
GHCND:USW00014742,BURLINGTON WEATHER SERVICE OFFICE AIRPORT VT US,20100719,2.54,0.0,18.54,57.9,70.9,81.2,60.6
GHCND:USW00014742,BURLINGTON WEATHER SERVICE OFFICE AIRPORT VT US,20100720,2.67,0.0,18.67,57.9,70.9,81.2,60.6
GHCND:USW00014742,BURLINGTON WEATHER SERVICE OFFICE AIRPORT VT US,20100721,2.81,0.0,18.81,57.9,70.9,81.1,60.6
GHCND:USW00014742,BURLINGTON WEATHER SERVICE OFFICE AIRPORT VT US,20100722,2.94,0.0,18.94,57.9,70.9,81.1,60.6
GHCND:USW00014742,BURLINGTON WEATHER SERVICE OFFICE AIRPORT VT US,20100723,3.08,0.0,19.08,57.9,70.8,81.1,60.6
GHCND:USW00014742,BURLINGTON WEATHER SERVICE OFFICE AIRPORT VT US,20100724,3.21,0.0,19.21,57.9,70.8,81.0,60.6
GHCND:USW00014742,BURLINGTON WEATHER SERVICE OFFICE AIRPORT VT US,20100725,3.34,0.0,19.34,57.9,70.8,81.0,60.5
GHCND:USW00014742,BURLINGTON WEATHER SERVICE OFFICE AIRPORT VT US,20100726,3.48,0.0,19.48,57.9,70.7,81.0,60.5
GHCND:USW00014742,BURLINGTON WEATHER SERVICE OFFICE AIRPORT VT US,20100727,3.61,0.0,19.61,57.9,70.7,80.9,60.4
GHCND:USW00014742,BURLINGTON WEATHER SERVICE OFFICE AIRPORT VT US,20100728,3.75,0.0,19.75,57.9,70.6,80.9,60.4
GHCND:USW00014742,BURLINGTON WEATHER SERVICE OFFICE AIRPORT VT US,20100729,3.89,0.0,19.89,57.9,70.6,80.8,60.3
GHCND:USW00014742,BURLINGTON WEATHER SERVICE OFFICE AIRPORT VT US,20100730,4.03,0.0,20.03,57.9,70.5,80.7,60.3
GHCND:USW00014742,BURLINGTON WEATHER SERVICE OFFICE AIRPORT VT US,20100731,4.16,0.0,20.16,57.9,70.5,80.7,60.2
GHCND:USW00014742,BURLINGTON WEATHER SERVICE OFFICE AIRPORT VT US,20100801,0.14,0.0,20.30,57.9,70.4,80.6,60.2
GHCND:USW00014742,BURLINGTON WEATHER SERVICE OFFICE AIRPORT VT US,20100802,0.28,0.0,20.44,57.9,70.3,80.6,60.1
GHCND:USW00014742,BURLINGTON WEATHER SERVICE OFFICE AIRPORT VT US,20100803,0.42,0.0,20.58,57.9,70.2,80.5,60.0
GHCND:USW00014742,BURLINGTON WEATHER SERVICE OFFICE AIRPORT VT US,20100804,0.56,0.0,20.72,57.9,70.2,80.4,59.9
GHCND:USW00014742,BURLINGTON WEATHER SERVICE OFFICE AIRPORT VT US,20100805,0.69,0.0,20.85,57.9,70.1,80.3,59.9
GHCND:USW00014742,BURLINGTON WEATHER SERVICE OFFICE AIRPORT VT US,20100806,0.83,0.0,20.99,57.9,70.0,80.3,59.8
GHCND:USW00014742,BURLINGTON WEATHER SERVICE OFFICE AIRPORT VT US,20100807,0.96,0.0,21.12,57.9,69.9,80.2,59.7
GHCND:USW00014742,BURLINGTON WEATHER SERVICE OFFICE AIRPORT VT US,20100808,1.10,0.0,21.26,57.9,69.8,80.1,59.6
GHCND:USW00014742,BURLINGTON WEATHER SERVICE OFFICE AIRPORT VT US,20100809,1.23,0.0,21.39,57.9,69.8,80.0,59.5
GHCND:USW00014742,BURLINGTON WEATHER SERVICE OFFICE AIRPORT VT US,20100810,1.37,0.0,21.53,57.9,69.7,79.9,59.4
GHCND:USW00014742,BURLINGTON WEATHER SERVICE OFFICE AIRPORT VT US,20100811,1.50,0.0,21.66,57.9,69.6,79.8,59.3
GHCND:USW00014742,BURLINGTON WEATHER SERVICE OFFICE AIRPORT VT US,20100812,1.63,0.0,21.79,57.9,69.5,79.7,59.2
GHCND:USW00014742,BURLINGTON WEATHER SERVICE OFFICE AIRPORT VT US,20100813,1.76,0.0,21.92,57.9,69.4,79.6,59.1
GHCND:USW00014742,BURLINGTON WEATHER SERVICE OFFICE AIRPORT VT US,20100814,1.90,0.0,22.06,57.9,69.2,79.5,59.0
GHCND:USW00014742,BURLINGTON WEATHER SERVICE OFFICE AIRPORT VT US,20100815,2.03,0.0,22.19,57.9,69.1,79.4,58.8
GHCND:USW00014742,BURLINGTON WEATHER SERVICE OFFICE AIRPORT VT US,20100816,2.16,0.0,22.32,57.9,69.0,79.3,58.7
GHCND:USW00014742,BURLINGTON WEATHER SERVICE OFFICE AIRPORT VT US,20100817,2.29,0.0,22.45,57.9,68.9,79.2,58.6
GHCND:USW00014742,BURLINGTON WEATHER SERVICE OFFICE AIRPORT VT US,20100818,2.43,0.0,22.59,57.9,68.7,79.0,58.5
GHCND:USW00014742,BURLINGTON WEATHER SERVICE OFFICE AIRPORT VT US,20100819,2.55,0.0,22.71,57.9,68.6,78.9,58.3
GHCND:USW00014742,BURLINGTON WEATHER SERVICE OFFICE AIRPORT VT US,20100820,2.67,0.0,22.83,57.9,68.4,78.7,58.2
GHCND:USW00014742,BURLINGTON WEATHER SERVICE OFFICE AIRPORT VT US,20100821,2.79,0.0,22.95,57.9,68.3,78.6,58.0
GHCND:USW00014742,BURLINGTON WEATHER SERVICE OFFICE AIRPORT VT US,20100822,2.91,0.0,23.07,57.9,68.1,78.4,57.9
GHCND:USW00014742,BURLINGTON WEATHER SERVICE OFFICE AIRPORT VT US,20100823,3.03,0.0,23.19,57.9,67.9,78.2,57.7
GHCND:USW00014742,BURLINGTON WEATHER SERVICE OFFICE AIRPORT VT US,20100824,3.14,0.0,23.30,57.9,67.8,78.0,57.5
GHCND:USW00014742,BURLINGTON WEATHER SERVICE OFFICE AIRPORT VT US,20100825,3.25,0.0,23.41,57.9,67.6,77.8,57.3
GHCND:USW00014742,BURLINGTON WEATHER SERVICE OFFICE AIRPORT VT US,20100826,3.36,0.0,23.52,57.9,67.4,77.6,57.1
GHCND:USW00014742,BURLINGTON WEATHER SERVICE OFFICE AIRPORT VT US,20100827,3.47,0.0,23.63,57.9,67.1,77.4,56.9
GHCND:USW00014742,BURLINGTON WEATHER SERVICE OFFICE AIRPORT VT US,20100828,3.58,0.0,23.74,57.9,66.9,77.1,56.7
GHCND:USW00014742,BURLINGTON WEATHER SERVICE OFFICE AIRPORT VT US,20100829,3.69,0.0,23.85,57.9,66.7,76.9,56.5
GHCND:USW00014742,BURLINGTON WEATHER SERVICE OFFICE AIRPORT VT US,20100830,3.80,0.0,23.96,57.9,66.4,76.6,56.3
GHCND:USW00014742,BURLINGTON WEATHER SERVICE OFFICE AIRPORT VT US,20100831,3.91,0.0,24.07,57.9,66.2,76.4,56.0
GHCND:USW00014742,BURLINGTON WEATHER SERVICE OFFICE AIRPORT VT US,20100901,0.11,0.0,24.18,57.9,65.9,76.1,55.8
GHCND:USW00014742,BURLINGTON WEATHER SERVICE OFFICE AIRPORT VT US,20100902,0.22,0.0,24.29,57.9,65.6,75.8,55.5
GHCND:USW00014742,BURLINGTON WEATHER SERVICE OFFICE AIRPORT VT US,20100903,0.33,0.0,24.40,57.9,65.3,75.5,55.2
GHCND:USW00014742,BURLINGTON WEATHER SERVICE OFFICE AIRPORT VT US,20100904,0.44,0.0,24.51,57.9,65.0,75.1,54.9
GHCND:USW00014742,BURLINGTON WEATHER SERVICE OFFICE AIRPORT VT US,20100905,0.54,0.0,24.61,57.9,64.7,74.8,54.6
GHCND:USW00014742,BURLINGTON WEATHER SERVICE OFFICE AIRPORT VT US,20100906,0.65,0.0,24.72,57.9,64.4,74.5,54.3
GHCND:USW00014742,BURLINGTON WEATHER SERVICE OFFICE AIRPORT VT US,20100907,0.76,0.0,24.83,57.9,64.1,74.1,54.0
GHCND:USW00014742,BURLINGTON WEATHER SERVICE OFFICE AIRPORT VT US,20100908,0.87,0.0,24.94,57.9,63.7,73.7,53.7
GHCND:USW00014742,BURLINGTON WEATHER SERVICE OFFICE AIRPORT VT US,20100909,0.99,0.0,25.06,57.9,63.4,73.4,53.4
GHCND:USW00014742,BURLINGTON WEATHER SERVICE OFFICE AIRPORT VT US,20100910,1.10,0.0,25.17,57.9,63.0,73.0,53.0
GHCND:USW00014742,BURLINGTON WEATHER SERVICE OFFICE AIRPORT VT US,20100911,1.22,0.0,25.29,57.9,62.6,72.6,52.7
GHCND:USW00014742,BURLINGTON WEATHER SERVICE OFFICE AIRPORT VT US,20100912,1.34,0.0,25.41,57.9,62.2,72.2,52.3
GHCND:USW00014742,BURLINGTON WEATHER SERVICE OFFICE AIRPORT VT US,20100913,1.46,0.0,25.53,57.9,61.8,71.7,51.9
GHCND:USW00014742,BURLINGTON WEATHER SERVICE OFFICE AIRPORT VT US,20100914,1.58,0.0,25.65,57.9,61.4,71.3,51.5
GHCND:USW00014742,BURLINGTON WEATHER SERVICE OFFICE AIRPORT VT US,20100915,1.70,0.0,25.77,57.9,61.0,70.9,51.2
GHCND:USW00014742,BURLINGTON WEATHER SERVICE OFFICE AIRPORT VT US,20100916,1.82,0.0,25.89,57.9,60.6,70.4,50.8
GHCND:USW00014742,BURLINGTON WEATHER SERVICE OFFICE AIRPORT VT US,20100917,1.95,0.0,26.02,57.9,60.2,70.0,50.4
GHCND:USW00014742,BURLINGTON WEATHER SERVICE OFFICE AIRPORT VT US,20100918,2.07,0.0,26.14,57.9,59.7,69.5,49.9
GHCND:USW00014742,BURLINGTON WEATHER SERVICE OFFICE AIRPORT VT US,20100919,2.20,0.0,26.27,57.9,59.3,69.1,49.5
GHCND:USW00014742,BURLINGTON WEATHER SERVICE OFFICE AIRPORT VT US,20100920,2.33,0.0,26.40,57.9,58.8,68.6,49.1
GHCND:USW00014742,BURLINGTON WEATHER SERVICE OFFICE AIRPORT VT US,20100921,2.46,0.0,26.53,57.9,58.4,68.1,48.7
GHCND:USW00014742,BURLINGTON WEATHER SERVICE OFFICE AIRPORT VT US,20100922,2.60,0.0,26.67,57.9,57.9,67.7,48.2
GHCND:USW00014742,BURLINGTON WEATHER SERVICE OFFICE AIRPORT VT US,20100923,2.73,0.0,26.80,57.9,57.5,67.2,47.8
GHCND:USW00014742,BURLINGTON WEATHER SERVICE OFFICE AIRPORT VT US,20100924,2.86,0.0,26.93,57.9,57.0,66.7,47.4
GHCND:USW00014742,BURLINGTON WEATHER SERVICE OFFICE AIRPORT VT US,20100925,3.00,0.0,27.07,57.9,56.6,66.2,46.9
GHCND:USW00014742,BURLINGTON WEATHER SERVICE OFFICE AIRPORT VT US,20100926,3.13,0.0,27.20,57.9,56.1,65.8,46.5
GHCND:USW00014742,BURLINGTON WEATHER SERVICE OFFICE AIRPORT VT US,20100927,3.26,0.0,27.33,57.9,55.7,65.3,46.1
GHCND:USW00014742,BURLINGTON WEATHER SERVICE OFFICE AIRPORT VT US,20100928,3.39,0.0,27.46,57.9,55.2,64.8,45.6
GHCND:USW00014742,BURLINGTON WEATHER SERVICE OFFICE AIRPORT VT US,20100929,3.52,0.0,27.59,57.9,54.8,64.3,45.2
GHCND:USW00014742,BURLINGTON WEATHER SERVICE OFFICE AIRPORT VT US,20100930,3.64,0.0,27.71,57.9,54.3,63.9,44.8
GHCND:USW00014742,BURLINGTON WEATHER SERVICE OFFICE AIRPORT VT US,20101001,0.12,0.0,27.83,57.9,53.9,63.4,44.3
GHCND:USW00014742,BURLINGTON WEATHER SERVICE OFFICE AIRPORT VT US,20101002,0.25,0.0,27.96,57.9,53.4,62.9,43.9
GHCND:USW00014742,BURLINGTON WEATHER SERVICE OFFICE AIRPORT VT US,20101003,0.37,0.0,28.08,57.9,53.0,62.5,43.5
GHCND:USW00014742,BURLINGTON WEATHER SERVICE OFFICE AIRPORT VT US,20101004,0.50,0.0,28.21,57.9,52.6,62.0,43.1
GHCND:USW00014742,BURLINGTON WEATHER SERVICE OFFICE AIRPORT VT US,20101005,0.62,0.0,28.33,57.9,52.1,61.6,42.7
GHCND:USW00014742,BURLINGTON WEATHER SERVICE OFFICE AIRPORT VT US,20101006,0.75,0.0,28.46,57.9,51.7,61.1,42.3
GHCND:USW00014742,BURLINGTON WEATHER SERVICE OFFICE AIRPORT VT US,20101007,0.87,0.0,28.58,57.9,51.3,60.7,41.9
GHCND:USW00014742,BURLINGTON WEATHER SERVICE OFFICE AIRPORT VT US,20101008,0.99,0.0,28.70,57.9,50.9,60.3,41.5
GHCND:USW00014742,BURLINGTON WEATHER SERVICE OFFICE AIRPORT VT US,20101009,1.11,0.0,28.82,57.9,50.5,59.8,41.1
GHCND:USW00014742,BURLINGTON WEATHER SERVICE OFFICE AIRPORT VT US,20101010,1.23,0.0,28.94,57.9,50.1,59.4,40.8
GHCND:USW00014742,BURLINGTON WEATHER SERVICE OFFICE AIRPORT VT US,20101011,1.36,0.0,29.07,57.9,49.7,59.0,40.4
GHCND:USW00014742,BURLINGTON WEATHER SERVICE OFFICE AIRPORT VT US,20101012,1.47,0.0,29.18,57.9,49.3,58.6,40.1
GHCND:USW00014742,BURLINGTON WEATHER SERVICE OFFICE AIRPORT VT US,20101013,1.59,0.0,29.30,57.9,49.0,58.2,39.7
GHCND:USW00014742,BURLINGTON WEATHER SERVICE OFFICE AIRPORT VT US,20101014,1.71,0.0,29.42,57.9,48.6,57.8,39.4
GHCND:USW00014742,BURLINGTON WEATHER SERVICE OFFICE AIRPORT VT US,20101015,1.83,0.0,29.54,57.9,48.2,57.4,39.1
GHCND:USW00014742,BURLINGTON WEATHER SERVICE OFFICE AIRPORT VT US,20101016,1.94,0.0,29.65,57.9,47.9,57.0,38.8
GHCND:USW00014742,BURLINGTON WEATHER SERVICE OFFICE AIRPORT VT US,20101017,2.05,0.0,29.76,57.9,47.5,56.6,38.5
GHCND:USW00014742,BURLINGTON WEATHER SERVICE OFFICE AIRPORT VT US,20101018,2.16,0.0,29.87,57.9,47.2,56.3,38.2
GHCND:USW00014742,BURLINGTON WEATHER SERVICE OFFICE AIRPORT VT US,20101019,2.27,0.1,29.98,58.0,46.9,55.9,37.9
GHCND:USW00014742,BURLINGTON WEATHER SERVICE OFFICE AIRPORT VT US,20101020,2.38,0.1,30.09,58.0,46.6,55.5,37.6
GHCND:USW00014742,BURLINGTON WEATHER SERVICE OFFICE AIRPORT VT US,20101021,2.49,0.1,30.20,58.0,46.2,55.2,37.3
GHCND:USW00014742,BURLINGTON WEATHER SERVICE OFFICE AIRPORT VT US,20101022,2.60,0.1,30.31,58.0,45.9,54.8,37.1
GHCND:USW00014742,BURLINGTON WEATHER SERVICE OFFICE AIRPORT VT US,20101023,2.72,0.1,30.43,58.0,45.6,54.4,36.8
GHCND:USW00014742,BURLINGTON WEATHER SERVICE OFFICE AIRPORT VT US,20101024,2.82,0.1,30.53,58.0,45.3,54.1,36.6
GHCND:USW00014742,BURLINGTON WEATHER SERVICE OFFICE AIRPORT VT US,20101025,2.93,0.1,30.64,58.0,45.0,53.7,36.3
GHCND:USW00014742,BURLINGTON WEATHER SERVICE OFFICE AIRPORT VT US,20101026,3.04,0.2,30.75,58.1,44.7,53.4,36.1
GHCND:USW00014742,BURLINGTON WEATHER SERVICE OFFICE AIRPORT VT US,20101027,3.16,0.2,30.87,58.1,44.4,53.0,35.9
GHCND:USW00014742,BURLINGTON WEATHER SERVICE OFFICE AIRPORT VT US,20101028,3.27,0.2,30.98,58.1,44.2,52.6,35.7
GHCND:USW00014742,BURLINGTON WEATHER SERVICE OFFICE AIRPORT VT US,20101029,3.38,0.2,31.09,58.1,43.9,52.3,35.4
GHCND:USW00014742,BURLINGTON WEATHER SERVICE OFFICE AIRPORT VT US,20101030,3.49,0.3,31.20,58.2,43.6,51.9,35.2
GHCND:USW00014742,BURLINGTON WEATHER SERVICE OFFICE AIRPORT VT US,20101031,3.60,0.3,31.31,58.2,43.3,51.6,35.0
GHCND:USW00014742,BURLINGTON WEATHER SERVICE OFFICE AIRPORT VT US,20101101,0.12,0.1,31.43,58.3,43.0,51.2,34.8
GHCND:USW00014742,BURLINGTON WEATHER SERVICE OFFICE AIRPORT VT US,20101102,0.23,0.1,31.54,58.3,42.7,50.9,34.6
GHCND:USW00014742,BURLINGTON WEATHER SERVICE OFFICE AIRPORT VT US,20101103,0.35,0.2,31.66,58.4,42.4,50.5,34.4
GHCND:USW00014742,BURLINGTON WEATHER SERVICE OFFICE AIRPORT VT US,20101104,0.46,0.3,31.77,58.5,42.1,50.1,34.1
GHCND:USW00014742,BURLINGTON WEATHER SERVICE OFFICE AIRPORT VT US,20101105,0.57,0.4,31.88,58.6,41.8,49.8,33.9
GHCND:USW00014742,BURLINGTON WEATHER SERVICE OFFICE AIRPORT VT US,20101106,0.68,0.4,31.99,58.6,41.5,49.4,33.7
GHCND:USW00014742,BURLINGTON WEATHER SERVICE OFFICE AIRPORT VT US,20101107,0.79,0.5,32.10,58.7,41.2,49.0,33.5
GHCND:USW00014742,BURLINGTON WEATHER SERVICE OFFICE AIRPORT VT US,20101108,0.90,0.7,32.21,58.9,40.9,48.6,33.2
GHCND:USW00014742,BURLINGTON WEATHER SERVICE OFFICE AIRPORT VT US,20101109,1.01,0.8,32.32,59.0,40.6,48.2,33.0
GHCND:USW00014742,BURLINGTON WEATHER SERVICE OFFICE AIRPORT VT US,20101110,1.11,0.9,32.42,59.1,40.3,47.8,32.7
GHCND:USW00014742,BURLINGTON WEATHER SERVICE OFFICE AIRPORT VT US,20101111,1.22,1.0,32.53,59.2,40.0,47.5,32.5
GHCND:USW00014742,BURLINGTON WEATHER SERVICE OFFICE AIRPORT VT US,20101112,1.32,1.2,32.63,59.4,39.6,47.1,32.2
GHCND:USW00014742,BURLINGTON WEATHER SERVICE OFFICE AIRPORT VT US,20101113,1.42,1.3,32.73,59.5,39.3,46.7,32.0
GHCND:USW00014742,BURLINGTON WEATHER SERVICE OFFICE AIRPORT VT US,20101114,1.53,1.5,32.84,59.7,39.0,46.2,31.7
GHCND:USW00014742,BURLINGTON WEATHER SERVICE OFFICE AIRPORT VT US,20101115,1.63,1.6,32.94,59.8,38.6,45.8,31.4
GHCND:USW00014742,BURLINGTON WEATHER SERVICE OFFICE AIRPORT VT US,20101116,1.74,1.7,33.05,59.9,38.3,45.4,31.1
GHCND:USW00014742,BURLINGTON WEATHER SERVICE OFFICE AIRPORT VT US,20101117,1.85,1.9,33.16,60.1,37.9,45.0,30.8
GHCND:USW00014742,BURLINGTON WEATHER SERVICE OFFICE AIRPORT VT US,20101118,1.95,2.0,33.26,60.2,37.5,44.6,30.5
GHCND:USW00014742,BURLINGTON WEATHER SERVICE OFFICE AIRPORT VT US,20101119,2.06,2.2,33.37,60.4,37.2,44.2,30.1
GHCND:USW00014742,BURLINGTON WEATHER SERVICE OFFICE AIRPORT VT US,20101120,2.16,2.4,33.47,60.6,36.8,43.7,29.8
GHCND:USW00014742,BURLINGTON WEATHER SERVICE OFFICE AIRPORT VT US,20101121,2.26,2.6,33.57,60.8,36.4,43.3,29.5
GHCND:USW00014742,BURLINGTON WEATHER SERVICE OFFICE AIRPORT VT US,20101122,2.37,2.8,33.68,61.0,36.0,42.9,29.1
GHCND:USW00014742,BURLINGTON WEATHER SERVICE OFFICE AIRPORT VT US,20101123,2.47,3.1,33.78,61.3,35.6,42.4,28.7
GHCND:USW00014742,BURLINGTON WEATHER SERVICE OFFICE AIRPORT VT US,20101124,2.57,3.3,33.88,61.5,35.2,42.0,28.3
GHCND:USW00014742,BURLINGTON WEATHER SERVICE OFFICE AIRPORT VT US,20101125,2.67,3.6,33.98,61.8,34.8,41.6,27.9
GHCND:USW00014742,BURLINGTON WEATHER SERVICE OFFICE AIRPORT VT US,20101126,2.76,3.9,34.07,62.1,34.3,41.1,27.5
GHCND:USW00014742,BURLINGTON WEATHER SERVICE OFFICE AIRPORT VT US,20101127,2.85,4.2,34.16,62.4,33.9,40.7,27.1
GHCND:USW00014742,BURLINGTON WEATHER SERVICE OFFICE AIRPORT VT US,20101128,2.95,4.5,34.26,62.7,33.5,40.2,26.7
GHCND:USW00014742,BURLINGTON WEATHER SERVICE OFFICE AIRPORT VT US,20101129,3.04,4.8,34.35,63.0,33.0,39.8,26.3
GHCND:USW00014742,BURLINGTON WEATHER SERVICE OFFICE AIRPORT VT US,20101130,3.13,5.1,34.44,63.3,32.6,39.4,25.8
GHCND:USW00014742,BURLINGTON WEATHER SERVICE OFFICE AIRPORT VT US,20101201,0.09,0.4,34.53,63.7,32.2,38.9,25.4
GHCND:USW00014742,BURLINGTON WEATHER SERVICE OFFICE AIRPORT VT US,20101202,0.18,0.9,34.62,64.2,31.7,38.5,24.9
GHCND:USW00014742,BURLINGTON WEATHER SERVICE OFFICE AIRPORT VT US,20101203,0.27,1.3,34.71,64.6,31.3,38.1,24.5
GHCND:USW00014742,BURLINGTON WEATHER SERVICE OFFICE AIRPORT VT US,20101204,0.36,1.8,34.80,65.1,30.8,37.6,24.0
GHCND:USW00014742,BURLINGTON WEATHER SERVICE OFFICE AIRPORT VT US,20101205,0.44,2.3,34.88,65.6,30.4,37.2,23.5
GHCND:USW00014742,BURLINGTON WEATHER SERVICE OFFICE AIRPORT VT US,20101206,0.53,2.8,34.97,66.1,29.9,36.8,23.0
GHCND:USW00014742,BURLINGTON WEATHER SERVICE OFFICE AIRPORT VT US,20101207,0.61,3.3,35.05,66.6,29.5,36.4,22.6
GHCND:USW00014742,BURLINGTON WEATHER SERVICE OFFICE AIRPORT VT US,20101208,0.70,3.8,35.14,67.1,29.0,36.0,22.1
GHCND:USW00014742,BURLINGTON WEATHER SERVICE OFFICE AIRPORT VT US,20101209,0.78,4.3,35.22,67.6,28.6,35.6,21.6
GHCND:USW00014742,BURLINGTON WEATHER SERVICE OFFICE AIRPORT VT US,20101210,0.87,4.8,35.31,68.1,28.1,35.2,21.1
GHCND:USW00014742,BURLINGTON WEATHER SERVICE OFFICE AIRPORT VT US,20101211,0.95,5.4,35.39,68.7,27.7,34.8,20.6
GHCND:USW00014742,BURLINGTON WEATHER SERVICE OFFICE AIRPORT VT US,20101212,1.03,5.9,35.47,69.2,27.3,34.4,20.1
GHCND:USW00014742,BURLINGTON WEATHER SERVICE OFFICE AIRPORT VT US,20101213,1.11,6.5,35.55,69.8,26.8,34.0,19.7
GHCND:USW00014742,BURLINGTON WEATHER SERVICE OFFICE AIRPORT VT US,20101214,1.18,7.0,35.62,70.3,26.4,33.6,19.2
GHCND:USW00014742,BURLINGTON WEATHER SERVICE OFFICE AIRPORT VT US,20101215,1.26,7.6,35.70,70.9,26.0,33.2,18.7
GHCND:USW00014742,BURLINGTON WEATHER SERVICE OFFICE AIRPORT VT US,20101216,1.33,8.2,35.77,71.5,25.6,32.9,18.3
GHCND:USW00014742,BURLINGTON WEATHER SERVICE OFFICE AIRPORT VT US,20101217,1.41,8.8,35.85,72.1,25.2,32.5,17.8
GHCND:USW00014742,BURLINGTON WEATHER SERVICE OFFICE AIRPORT VT US,20101218,1.48,9.4,35.92,72.7,24.8,32.2,17.4
GHCND:USW00014742,BURLINGTON WEATHER SERVICE OFFICE AIRPORT VT US,20101219,1.54,10.0,35.98,73.3,24.4,31.9,16.9
GHCND:USW00014742,BURLINGTON WEATHER SERVICE OFFICE AIRPORT VT US,20101220,1.61,10.7,36.05,74.0,24.0,31.5,16.5
GHCND:USW00014742,BURLINGTON WEATHER SERVICE OFFICE AIRPORT VT US,20101221,1.68,11.4,36.12,74.7,23.6,31.2,16.0
GHCND:USW00014742,BURLINGTON WEATHER SERVICE OFFICE AIRPORT VT US,20101222,1.75,12.0,36.19,75.3,23.3,30.9,15.6
GHCND:USW00014742,BURLINGTON WEATHER SERVICE OFFICE AIRPORT VT US,20101223,1.82,12.6,36.26,75.9,22.9,30.6,15.2
GHCND:USW00014742,BURLINGTON WEATHER SERVICE OFFICE AIRPORT VT US,20101224,1.90,13.3,36.34,76.6,22.6,30.3,14.8
GHCND:USW00014742,BURLINGTON WEATHER SERVICE OFFICE AIRPORT VT US,20101225,1.97,13.9,36.41,77.2,22.2,30.0,14.5
GHCND:USW00014742,BURLINGTON WEATHER SERVICE OFFICE AIRPORT VT US,20101226,2.04,14.6,36.48,77.9,21.9,29.8,14.1
GHCND:USW00014742,BURLINGTON WEATHER SERVICE OFFICE AIRPORT VT US,20101227,2.11,15.3,36.55,78.6,21.6,29.5,13.7
GHCND:USW00014742,BURLINGTON WEATHER SERVICE OFFICE AIRPORT VT US,20101228,2.18,15.9,36.62,79.2,21.3,29.3,13.4
GHCND:USW00014742,BURLINGTON WEATHER SERVICE OFFICE AIRPORT VT US,20101229,2.25,16.6,36.69,79.9,21.0,29.0,13.1
GHCND:USW00014742,BURLINGTON WEATHER SERVICE OFFICE AIRPORT VT US,20101230,2.31,17.3,36.75,80.6,20.8,28.8,12.8
GHCND:USW00014742,BURLINGTON WEATHER SERVICE OFFICE AIRPORT VT US,20101231,2.38,17.9,36.82,81.2,20.5,28.6,12.5